,Reference,Smiles,LogP,pKa,Structure,MW,Amine or acid,Bemis-Murcko,Framework,F group,"Stereo, F to FG",Linear path(s) F to FG,"Length of linear path, bonds",Unnamed: 13,Unnamed: 14,Unnamed: 15,Unnamed: 16,Atoms in ring,Amides for LogP,Unnamed: 19,F atom fraction,identificator
0,,,,,,,,,,,,,2,3,4,5,6,,,,F/C,
1,10.1016/j.jfluchem.2023.110215,FC1(F)CCC(C(O)=O)CC1,2.63,4.32,,164.152,Acid,,cyclohexane,gem-CF2,,2.0,0,0,2,0,0,6.0,FC1(F)CCC(CC1)C(=O)NC1=CC=CC=C1,,0.2857142857142857,Carboxylic acid
2,10.1016/j.jfluchem.2023.110215,OC(C1CCCCC1)=O,2.88,4.85,,128.171,Acid,,cyclohexane,non-F,,0.0,0,0,0,0,0,6.0,O=C(NC1=CC=CC=C1)C1CCCCC1,,0,Carboxylic acid
3,10.1016/j.jfluchem.2023.110215,OC([C@@H]1C[C@H]2C[C@H]2C1)=O,2.87,4.35,,126.155,Acid,,bicyclo[3.1.0]hexane,non-F,trans,0.0,0,0,0,0,0,6.0,O=C(NC1=CC=CC=C1)[C@H]1C[C@@H]2C[C@@H]2C1,,0,Carboxylic acid
4,10.1016/j.jfluchem.2023.110215,OC([C@H]1C[C@H]2C[C@H]2C1)=O,2.92,4.24,,126.155,Acid,,bicyclo[3.1.0]hexane,non-F,cis,0.0,0,0,0,0,0,6.0,O=C(NC1=CC=CC=C1)[C@@H]1C[C@@H]2C[C@@H]2C1,,0,Carboxylic acid
5,10.1016/j.jfluchem.2023.110215,OC([C@H]1C[C@H]2C(F)(F)[C@H]2C1)=O,2.37,3.8,,162.136,Acid,,bicyclo[3.1.0]hexane,gem-CF2,cis,2.0,0,0,2,0,0,6.0,FC1(F)[C@H]2C[C@H](C[C@@H]12)C(=O)NC1=CC=CC=C1,,0.2857142857142857,Carboxylic acid
6,10.1016/j.jfluchem.2023.110215,OC([C@@H]1C[C@H]2C(F)(F)[C@H]2C1)=O,2.88,3.76,,162.136,Acid,,bicyclo[3.1.0]hexane,gem-CF2,trans,2.0,0,0,2,0,0,6.0,FC1(F)[C@H]2C[C@@H](C[C@@H]12)C(=O)NC1=CC=CC=C1,,0.2857142857142857,Carboxylic acid
7,10.24959/ophcj.23.274017,O=C(O)C1CCC1,2.26,4.5,,100.117,Acid,,cyclobutane,non-F,,0.0,0,0,0,0,0,4.0,O=C(NC1=CC=CC=C1)C1CCC1,,0,Carboxylic acid
8,10.24959/ophcj.23.274017,O=C(O)C1(CF)CCC1,1.88,3.66,,132.134,Acid,,cyclobutane,CH2F,,1.0,1,0,0,0,0,4.0,FCC1(CCC1)C(=O)NC1=CC=CC=C1,,0.16666666666666666,Carboxylic acid
9,10.24959/ophcj.23.274017,O=C(O)C1(C(F)F)CCC1,2.19,3.08,,150.125,Acid,,cyclobutane,CHF2,,1.0,1,0,0,0,0,4.0,FC(F)C1(CCC1)C(=O)NC1=CC=CC=C1,,0.3333333333333333,Carboxylic acid
10,10.24959/ophcj.23.274017,O=C(O)C1(C(F)(F)F)CCC1,2.51,2.9,,168.115,Acid,,cyclobutane,CF3,,1.0,1,0,0,0,0,4.0,FC(F)(F)C1(CCC1)C(=O)NC1=CC=CC=C1,,0.5,Carboxylic acid
11,10.1002/ejoc.202300292,FC(F)(F)[C@@H]1C[C@@H](C(O)=O)C1,3.02,3.83,,168.115,Acid,,cyclobutane,CF3,trans,2.0,0,0,2,0,0,4.0,FC(F)(F)[C@H]1C[C@@H](C1)C(=O)NC1=CC=CC=C1,,0.5,Carboxylic acid
12,10.1002/ejoc.202300292,FC(F)(F)[C@H]1C[C@@H](C(O)=O)C1,2.72,3.88,,168.115,Acid,,cyclobutane,CF3,cis,2.0,0,0,2,0,0,4.0,FC(F)(F)[C@@H]1C[C@@H](C1)C(=O)NC1=CC=CC=C1,,0.5,Carboxylic acid
13,10.1002/ejoc.202300292,[H]C(F)(F)[C@@H]1C[C@@H](C(O)=O)C1,2.39,4.11,,150.125,Acid,,cyclobutane,CHF2,trans,2.0,0,0,2,0,0,4.0,[H]C(F)(F)[C@H]1C[C@@H](C1)C(=O)NC1=CC=CC=C1,,0.3333333333333333,Carboxylic acid
14,10.1002/ejoc.202300292,[H]C(F)(F)[C@H]1C[C@@H](C(O)=O)C1,2.23,3.92,,150.125,Acid,,cyclobutane,CHF2,cis,2.0,0,0,2,0,0,4.0,[H]C(F)(F)[C@@H]1C[C@@H](C1)C(=O)NC1=CC=CC=C1,,0.3333333333333333,Carboxylic acid
15,10.1002/ejoc.202300292,[H]C(F)([H])[C@@H]1C[C@@H](C(O)=O)C1,2.14,4.18,,132.134,Acid,,cyclobutane,CH2F,trans,2.0,0,0,2,0,0,4.0,[H]C([H])(F)[C@H]1C[C@@H](C1)C(=O)NC1=CC=CC=C1,,0.16666666666666666,Carboxylic acid
16,10.1002/ejoc.202300292,[H]C(F)([H])[C@H]1C[C@@H](C(O)=O)C1,1.96,4.12,,132.134,Acid,,cyclobutane,CH2F,cis,2.0,0,0,2,0,0,4.0,[H]C([H])(F)[C@@H]1C[C@@H](C1)C(=O)NC1=CC=CC=C1,,0.16666666666666666,Carboxylic acid
17,10.1002/chem.202200331,FC1(F)CC1C(O)=O,2.07,3.25,,122.071,Acid,,cyclopropane,gem-CF2,,2.0,1,1,0,0,0,3.0,FC1(F)CC1C(=O)NC1=CC=CC=C1,,0.5,Carboxylic acid
18,10.1002/chem.202200331,FC1(F)CCC1C(O)=O,2.03,3.62,,136.098,Acid,,cyclobutane,gem-CF2,,2.0,1,0,1,0,0,4.0,FC1(F)CCC1C(=O)NC1=CC=CC=C1,,0.4,Carboxylic acid
19,10.1002/chem.202200331,FC1(F)CC(C(O)=O)C1,2.26,4.02,,136.098,Acid,,cyclobutane,gem-CF2,,1.0,0,1,0,0,0,4.0,FC1(F)CC(C1)C(=O)NC1=CC=CC=C1,,0.4,Carboxylic acid
20,10.1002/chem.202200331,FC1(F)C(C(O)=O)CCC1,2.25,3.76,,150.125,Acid,,cyclopentane,gem-CF2,,2.0,1,0,0,1,0,5.0,FC1(F)CCCC1C(=O)NC1=CC=CC=C1,,0.3333333333333333,Carboxylic acid
21,10.1002/chem.202200331,FC1(F)CC(C(O)=O)CC1,2.5,3.98,,150.125,Acid,,cyclopentane,gem-CF2,,2.0,0,1,1,0,0,5.0,FC1(F)CCC(C1)C(=O)NC1=CC=CC=C1,,0.3333333333333333,Carboxylic acid
22,10.1002/chem.202200331,FC1(F)C(C(O)=O)CCCC1,2.5,3.81,,164.152,Acid,,cyclohexane,gem-CF2,,2.0,1,0,0,0,1,6.0,FC1(F)CCCCC1C(=O)NC1=CC=CC=C1,,0.2857142857142857,Carboxylic acid
23,10.1002/chem.202200331,FC1(F)CC(C(O)=O)CCC1,2.72,4.18,,164.152,Acid,,cyclohexane,gem-CF2,,2.0,0,1,0,1,0,6.0,FC1(F)CCCC(C1)C(=O)NC1=CC=CC=C1,,0.2857142857142857,Carboxylic acid
24,10.1002/chem.202200331,FC1(F)C(C(O)=O)CCCCC1,2.9,3.78,,178.179,Acid,,cycloheptane,gem-CF2,,1.0,1,0,0,0,0,7.0,FC1(F)CCCCCC1C(=O)NC1=CC=CC=C1,,0.25,Carboxylic acid
25,10.1002/chem.202200331,FC1(F)CC(C(O)=O)CCCC1,3.03,4.09,,178.179,Acid,,cycloheptane,gem-CF2,,2.0,0,1,0,0,1,7.0,FC1(F)CCCCC(C1)C(=O)NC1=CC=CC=C1,,0.25,Carboxylic acid
26,10.1002/chem.202200331,FC1(F)CCC(C(O)=O)CCC1,2.95,4.36,,178.179,Acid,,cycloheptane,gem-CF2,,2.0,0,0,1,1,0,7.0,FC1(F)CCCC(CC1)C(=O)NC1=CC=CC=C1,,0.25,Carboxylic acid
27,10.1002/chem.202200331,CCC(F)(F)CC(O)=O,2.26,3.55,,138.114,Acid,,methane,gem-CF2,,1.0,1,0,0,0,0,0.0,CCC(F)(F)CC(=O)NC1=CC=CC=C1,,0.4,Carboxylic acid
28,10.1002/chem.202200331,CC(F)(F)CCC(O)=O,2.12,4.17,,138.114,Acid,,methane,gem-CF2,,1.0,0,1,0,0,0,0.0,CC(F)(F)CCC(=O)NC1=CC=CC=C1,,0.4,Carboxylic acid
29,10.1002/chem.202200331,OC(CCCC(F)F)=O,2.06,4.38,,138.114,Acid,,methane,CHF2,,1.0,0,0,1,0,0,0.0,FC(F)CCCC(=O)NC1=CC=CC=C1,,0.4,Carboxylic acid
30,10.1002/chem.202200331,O=C(O)C1CC1,1.92,4.6,,86.09,Acid,,cyclopropane,non-F,,0.0,0,0,0,0,0,3.0,O=C(NC1=CC=CC=C1)C1CC1,,0,Carboxylic acid
31,10.1002/chem.202200331,OC(C1CCC1)=O,2.26,4.5,,100.117,Acid,,cyclobutane,non-F,,0.0,0,0,0,0,0,4.0,O=C(NC1=CC=CC=C1)C1CCC1,,0,Carboxylic acid
32,10.1002/chem.202200331,O=C(O)C1CCCC1,2.68,4.69,,114.144,Acid,,cyclopentane,non-F,,0.0,0,0,0,0,0,5.0,O=C(NC1=CC=CC=C1)C1CCCC1,,0,Carboxylic acid
33,10.1002/chem.202200331,OC(C1CCCCCC1)=O,3.24,5.08,,142.198,Acid,,cycloheptane,non-F,,0.0,0,0,0,0,0,7.0,O=C(NC1=CC=CC=C1)C1CCCCCC1,,0,Carboxylic acid
34,10.1002/chem.202200331,CCCCC(O)=O,2.29,4.75,,102.133,Acid,,methane,non-F,,0.0,0,0,0,0,0,0.0,CCCCC(=O)NC1=CC=CC=C1,,0,Carboxylic acid
35,10.1002/ejoc.202100804,O=C(O)C(C1)CC21CCC2,3.27,4.59,,140.182,Acid,,spiro[3.3]heptane,non-F,,0.0,0,0,0,0,0,7.0,O=C(NC1=CC=CC=C1)C1CC2(CCC2)C1,,0,Carboxylic acid
36,10.1002/ejoc.202100804,O=C(O)C(C1)CC21CC(F)C2,2.69,4.39,,158.172,Acid,,spiro[3.3]heptane,CHF,,2.0,0,0,0,2,0,7.0,FC1CC2(C1)CC(C2)C(=O)NC1=CC=CC=C1,,0.125,Carboxylic acid
37,10.1002/ejoc.202100804,O=C(O)C(C1)CC21CC(F)(F)C2,2.93,4.35,,176.163,Acid,,spiro[3.3]heptane,gem-CF2,,2.0,0,0,0,2,0,7.0,FC1(F)CC2(CC(C2)C(=O)NC2=CC=CC=C2)C1,,0.25,Carboxylic acid
38,10.1002/ejoc.202100414,OC(C12OCC(C(F)(F)F)(C2)C1)=O,2.05,2.88,,196.125,Acid,,bicyclo[2.1.1]hexane,CF3,,2.0,0,0,2,0,0,6.0,FC(F)(F)C12CC(C1)(OC2)C(=O)NC1=CC=CC=C1,,0.42857142857142855,Carboxylic acid
39,10.1002/ejoc.202100414,OC(C12OCC(C(F)([H])F)(C2)C1)=O,1.93,2.93,,178.135,Acid,,bicyclo[2.1.1]hexane,CHF2,,2.0,0,0,2,0,0,6.0,[H]C(F)(F)C12CC(C1)(OC2)C(=O)NC1=CC=CC=C1,,0.2857142857142857,Carboxylic acid
40,10.1002/ejoc.202100414,OC(C12OCC(C2)C1)=O,1.54,3.59,,128.127,Acid,,bicyclo[2.1.1]hexane,non-F,,0.0,0,0,0,0,0,6.0,O=C(NC1=CC=CC=C1)C12CC(C1)CO2,,0,Carboxylic acid
41,10.1002/ejoc.202100414,OC(C1=CC=CC=C1)=O,2.49,4.2,,122.123,Acid,,cyclohexane,non-F,,0.0,0,0,0,0,0,6.0,O=C(NC1=CC=CC=C1)C1=CC=CC=C1,,0,Carboxylic acid
42,10.1002/ejoc.202001345,FC(F)(F)[C@@H]1CC[C@H]1C(O)=O,2.88,3.87,,168.115,Acid,,cyclobutane,CF3,cis,2.0,0,1,0,1,0,4.0,FC(F)(F)[C@@H]1CC[C@H]1C(=O)NC1=CC=CC=C1,,0.5,Carboxylic acid
43,10.1002/ejoc.202001345,FC(F)([H])[C@@H]1CC[C@H]1C(O)=O,2.22,4.26,,150.125,Acid,,cyclobutane,CHF2,trans,2.0,0,1,0,1,0,4.0,[H]C(F)(F)[C@@H]1CC[C@H]1C(=O)NC1=CC=CC=C1,,0.3333333333333333,Carboxylic acid
44,10.1002/ejoc.202001345,FC([H])([H])[C@@H]1CC[C@H]1C(O)=O,2.11,4.38,,132.134,Acid,,cyclobutane,CH2F,trans,2.0,0,1,0,1,0,4.0,[H]C([H])(F)[C@@H]1CC[C@H]1C(=O)NC1=CC=CC=C1,,0.16666666666666666,Carboxylic acid
45,10.1021/acs.joc.0c01848,FC(F)(F)[C@@H]1C[C@H]1C(O)=O,2.98,3.88,,154.088,Acid,,cyclopropane,CF3,trans,2.0,0,1,1,0,0,3.0,FC(F)(F)[C@@H]1C[C@H]1C(=O)NC1=CC=CC=C1,,0.6,Carboxylic acid
46,10.1021/acs.joc.0c01848,FC(F)(F)[C@@H]1C[C@@H]1C(O)=O,2.12,3.76,,154.088,Acid,,cyclopropane,CF3,cis,2.0,0,1,1,0,0,3.0,FC(F)(F)[C@@H]1C[C@@H]1C(=O)NC1=CC=CC=C1,,0.6,Carboxylic acid
47,10.1021/acs.joc.0c01848,FC(F)([H])[C@@H]1C[C@H]1C(O)=O,2.28,4.18,,136.098,Acid,,cyclopropane,CHF2,trans,2.0,0,1,1,0,0,3.0,[H]C(F)(F)[C@@H]1C[C@H]1C(=O)NC1=CC=CC=C1,,0.4,Carboxylic acid
48,10.1021/acs.joc.0c01848,FC(F)([H])[C@@H]1C[C@@H]1C(O)=O,2.35,4.17,,136.098,Acid,,cyclopropane,CHF2,cis,2.0,0,1,1,0,0,3.0,[H]C(F)(F)[C@@H]1C[C@@H]1C(=O)NC1=CC=CC=C1,,0.4,Carboxylic acid
49,10.1021/acs.joc.0c01848,FC([H])([H])[C@@H]1C[C@H]1C(O)=O,1.12,4.35,,118.107,Acid,,cyclopropane,CH2F,trans,2.0,0,1,1,0,0,3.0,[H]C([H])(F)[C@@H]1C[C@H]1C(=O)NC1=CC=CC=C1,,0.2,Carboxylic acid
50,10.1021/acs.joc.0c01848,C[C@@H]1C[C@H]1C(O)=O,2.42,4.79,,100.117,Acid,,cyclopropane,non-F,trans,0.0,0,0,0,0,0,3.0,C[C@@H]1C[C@H]1C(=O)NC1=CC=CC=C1,,0,Carboxylic acid
51,10.1021/acs.joc.0c01848,C[C@@H]1C[C@@H]1C(O)=O,2.31,4.83,,100.117,Acid,,cyclopropane,non-F,cis,0.0,0,0,0,0,0,3.0,C[C@@H]1C[C@@H]1C(=O)NC1=CC=CC=C1,,0,Carboxylic acid
52,10.1021/acs.joc.0c01848,FC([H])([C@H]1C[C@H]1C(O)=O)[H],1.88,,,118.107,Acid,,cyclopropane,CH2F,cis,2.0,0,1,1,0,0,3.0,[H]C([H])(F)[C@H]1C[C@H]1C(=O)NC1=CC=CC=C1,,0.2,Carboxylic acid
53,10.1002/ejoc.202200863,OC(C1C2(CC2)C1)=O,2.35,4.61,,112.128,Acid,,spiro[2.2]pentane,non-F,,0.0,0,0,0,0,0,5.0,O=C(NC1=CC=CC=C1)C1CC11CC1,,0,Carboxylic acid
54,10.1002/ejoc.202200863,OC(C1C2(CC2)C1(F)F)=O,2.42,3.51,,148.109,Acid,,spiro[2.2]pentane,gem-CF2,,2.0,1,1,0,0,0,5.0,FC1(F)C(C(=O)NC2=CC=CC=C2)C11CC1,,0.3333333333333333,Carboxylic acid
55,10.1002/ejoc.202200863,OC(C1C2(CC2(F)F)C1)=O,2.66,3.85,,148.109,Acid,,spiro[2.2]pentane,gem-CF2,,2.0,0,1,1,0,0,5.0,FC1(F)CC11CC1C(=O)NC1=CC=CC=C1,,0.3333333333333333,Carboxylic acid
56,10.1016/j.jfluchem.2023.110215,N[C@@H]1C[C@H]2C(F)(F)[C@H]2C1,2.23,8.89,,133.142,Amine,,bicyclo[3.1.0]hexane,gem-CF2,trans,2.0,0,0,2,0,0,6.0,FC1(F)[C@H]2C[C@@H](C[C@@H]12)NC(=O)C1=CC=CC=C1,,0.3333333333333333,Primary amine
57,10.1016/j.jfluchem.2023.110215,N[C@H]1C[C@H]2C(F)(F)[C@H]2C1,2.47,8.95,,133.142,Amine,,bicyclo[3.1.0]hexane,gem-CF2,cis,2.0,0,0,2,0,0,6.0,FC1(F)[C@H]2C[C@H](C[C@@H]12)NC(=O)C1=CC=CC=C1,,0.3333333333333333,Primary amine
58,10.1016/j.jfluchem.2023.110215,NC1CCC(F)(F)CC1,2.31,9.45,,135.158,Amine,,cyclohexane,gem-CF2,,2.0,0,0,2,0,0,6.0,FC1(F)CCC(CC1)NC(=O)C1=CC=CC=C1,,0.3333333333333333,Primary amine
59,10.1016/j.jfluchem.2023.110215,NC1CCCCC1,2.72,10.58,,99.177,Amine,,cyclohexane,non-F,,0.0,0,0,0,0,0,6.0,O=C(NC1CCCCC1)C1=CC=CC=C1,,0,Primary amine
60,10.1016/j.jfluchem.2023.110215,N[C@H]1C[C@H]2C[C@H]2C1,2.3,9.79,,97.161,Amine,,bicyclo[3.1.0]hexane,non-F,cis,0.0,0,0,0,0,0,6.0,O=C(N[C@@H]1C[C@@H]2C[C@@H]2C1)C1=CC=CC=C1,,0,Primary amine
61,10.1016/j.jfluchem.2023.110215,N[C@@H]1C[C@H]2C[C@H]2C1,2.19,9.77,,97.161,Amine,,bicyclo[3.1.0]hexane,non-F,trans,0.0,0,0,0,0,0,6.0,O=C(N[C@H]1C[C@@H]2C[C@@H]2C1)C1=CC=CC=C1,,0,Primary amine
62,10.1002/ejoc.202300935,FC(F)(C1(NC2)CC2C1)F,1.93,6.52,,151.132,Amine,,bicyclo[2.1.1]hexane,CF3,,3.0,1,0,0,2,0,6.0,FC(F)(F)C12CC(C1)CN2C(=O)C1=CC=CC=C1,,0.5,Secondary amine
63,10.1002/ejoc.202300935,FC(F)(C1CCCN1)F,2.12,6.06,,139.121,Amine,,cyclopentane,CF3,,2.0,1,0,0,1,0,5.0,FC(F)(F)C1CCCN1C(=O)C1=CC=CC=C1,,0.6,Secondary amine
64,10.1002/ejoc.202300935,C1(NC2)CC2C1,1.47,11.23,,83.134,Amine,,bicyclo[2.1.1]hexane,non-F,,0.0,0,0,0,0,0,6.0,O=C(N1CC2CC1C2)C1=CC=CC=C1,,0,Secondary amine
65,10.1002/ejoc.202300935,C1CCCN1,1.19,11.29,,71.123,Amine,,cyclopentane,non-F,,0.0,0,0,0,0,0,5.0,O=C(N1CCCC1)C1=CC=CC=C1,,0,Secondary amine
66,10.1002/ejoc.202300935,CC1(NC2)CC2C1,1.75,11.28,,97.161,Amine,,bicyclo[2.1.1]hexane,non-F,,0.0,0,0,0,0,0,6.0,CC12CC(C1)CN2C(=O)C1=CC=CC=C1,,0,Secondary amine
67,10.1002/ejoc.202300935,FC(F)(F)C12CCC(C2)CN1,2.2,6.23,,165.159,Amine,,bicyclo[2.2.1]heptane,CF3,,3.0,1,0,0,1,1,7.0,FC(F)(F)C12CCC(CN1C(=O)C1=CC=CC=C1)C2,,0.42857142857142855,Secondary amine
68,10.1002/ejoc.202300935,FC(F)(F)C12CCC(CC2)CN1,2.51,6.56,,179.186,Amine,,bicyclo[2.2.2]octane,CF3,,3.0,1,0,0,0,2,8.0,FC(F)(F)C12CCC(CC1)CN2C(=O)C1=CC=CC=C1,,0.375,Secondary amine
69,10.1002/ejoc.202300935,FC(F)(F)C1CCCCN1,2.54,6.41,,153.148,Amine,,cyclohexane,CF3,,2.0,1,0,0,0,1,6.0,FC(F)(F)C1CCCCN1C(=O)C1=CC=CC=C1,,0.5,Secondary amine
70,10.1002/ejoc.202300935,C12CCC(C2)CN1,1.65,10.42,,97.161,Amine,,bicyclo[2.2.1]heptane,non-F,,0.0,0,0,0,0,0,7.0,O=C(N1CC2CCC1C2)C1=CC=CC=C1,,0,Secondary amine
71,10.1002/ejoc.202300935,CC12CCC(CC2)CN1,2.66,11.27,,125.215,Amine,,bicyclo[2.2.2]octane,non-F,,0.0,0,0,0,0,0,8.0,CC12CCC(CC1)CN2C(=O)C1=CC=CC=C1,,0,Secondary amine
72,10.1002/ejoc.202300935,C12CCC(CC2)CN1,2.01,10.89,,111.188,Amine,,bicyclo[2.2.2]octane,non-F,,0.0,0,0,0,0,0,8.0,O=C(N1CC2CCC1CC2)C1=CC=CC=C1,,0,Secondary amine
73,10.1002/ejoc.202300935,C1CCNCC1,1.39,11.12,,85.15,Amine,,cyclohexane,non-F,,0.0,0,0,0,0,0,6.0,O=C(N1CCCCC1)C1=CC=CC=C1,,0,Secondary amine
74,10.1002/ejoc.202300935,FC(F)(F)C12CCCC(C2)CN1,2.67,5.96,,179.186,Amine,,bicyclo[3.2.1]octane,CF3,,2.0,1,0,0,1,0,8.0,FC(F)(F)C12CC(CN1C(=O)C1=CC=CC=C1)CCC2,,0.375,Secondary amine
75,10.1002/ejoc.202300935,C12CCCC(C2)CN1,1.88,10.38,,111.188,Amine,,bicyclo[3.2.1]octane,non-F,,0.0,0,0,0,0,0,8.0,O=C(N1CC2CC1CCC2)C1=CC=CC=C1,,0,Secondary amine
76,10.1002/ejoc.202300935,CC12CCCC(C2)CN1,2.41,10.99,,125.215,Amine,,bicyclo[3.2.1]octane,non-F,,0.0,0,0,0,0,0,8.0,CC12CC(CN1C(=O)C1=CC=CC=C1)CCC2,,0,Secondary amine
77,10.1002/ejoc.202300937,FC1(F)CC2CC(C1)CNC2,1.59,9.41,,161.196,Amine,,bicyclo[3.3.1]nonane,gem-CF2,,4.0,0,0,2,0,2,9.0,FC1(F)CC2CC(CN(C2)C(=O)C2=CC=CC=C2)C1,,0.25,Secondary amine
78,10.1002/ejoc.202300937,FC1(F)C2CNCC1CC(F)(F)C2,1.84,6.37,,197.177,Amine,,bicyclo[3.3.1]nonane,gem-CF2,,6.0,0,2,2,0,2,9.0,FC1(F)CC2CN(CC(C1)C2(F)F)C(=O)C1=CC=CC=C1,,0.5,Secondary amine
79,10.1002/ejoc.202300937,FC1(F)C2CNCC1CCC2,2.18,7.72,,161.196,Amine,,bicyclo[3.3.1]nonane,gem-CF2,,2.0,0,2,0,0,0,9.0,FC1(F)C2CCCC1CN(C2)C(=O)C1=CC=CC=C1,,0.25,Secondary amine
80,10.1002/ejoc.202300937,C1(CCC2)CC2CNC1,2.36,10.86,,125.215,Amine,,bicyclo[3.3.1]nonane,non-F,,0.0,0,0,0,0,0,9.0,O=C(N1CC2CCCC(C2)C1)C1=CC=CC=C1,,0,Secondary amine
81,10.1002/ejoc.202300937,FC1(F)C2CNCC1COC2,1.19,8.05,,163.168,Amine,,bicyclo[3.3.1]nonane,gem-CF2,,2.0,0,2,0,0,0,9.0,FC1(F)C2COCC1CN(C2)C(=O)C1=CC=CC=C1,,0.2857142857142857,Secondary amine
82,10.1002/ejoc.202300937,C1(COC2)CC2CNC1,0.84,10.4,,127.187,Amine,,bicyclo[3.3.1]nonane,non-F,,0.0,0,0,0,0,0,9.0,O=C(N1CC2COCC(C2)C1)C1=CC=CC=C1,,0,Secondary amine
83,10.1002/ejoc.202300937,O=S1(CC2CC(C1)CNC2)=O,-0.34,8.14,,175.25,Amine,,bicyclo[3.3.1]nonane,non-F,,0.0,0,0,0,0,0,9.0,O=C(N1CC2CC(C1)CS(=O)(=O)C2)C1=CC=CC=C1,,0,Secondary amine
84,10.1002/ejoc.202300937,FC1(F)C(C2)CNCC1CS2(=O)=O,0.2,5.27,,211.23,Amine,,bicyclo[3.3.1]nonane,gem-CF2,,2.0,0,2,0,0,0,9.0,FC1(F)C2CN(CC1CS(=O)(=O)C2)C(=O)C1=CC=CC=C1,,0.2857142857142857,Secondary amine
85,10.1002/ejoc.202300937,FC1(F)C2CNCC1CC2,2.09,7.69,,147.169,Amine,,bicyclo[3.2.1]octane,gem-CF2,,2.0,0,2,0,0,0,8.0,FC1(F)C2CCC1CN(C2)C(=O)C1=CC=CC=C1,,0.2857142857142857,Secondary amine
86,10.1002/ejoc.202300937,C1(CC2)CC2CNC1,2.31,10.53,,111.188,Amine,,bicyclo[3.2.1]octane,non-F,,0.0,0,0,0,0,0,8.0,O=C(N1CC2CCC(C2)C1)C1=CC=CC=C1,,0,Secondary amine
87,10.1002/ejoc.202300937,FC1(F)CCNCC1,1.51,7.75,,121.131,Amine,,cyclohexane,gem-CF2,,2.0,0,2,0,0,0,6.0,FC1(F)CCN(CC1)C(=O)C1=CC=CC=C1,,0.4,Secondary amine
88,10.1002/chem.202301383,C1CCN1,1.13,11.13,,57.096,Amine,,cyclobutane,non-F,,0.0,0,0,0,0,0,4.0,O=C(N1CCC1)C1=CC=CC=C1,,0,Secondary amine
89,10.1002/chem.202301383,FC1CNC1,0.94,8.55,,75.086,Amine,,cyclobutane,CHF,,1.0,1,0,0,0,0,4.0,FC1CN(C1)C(=O)C1=CC=CC=C1,,0.3333333333333333,Secondary amine
90,10.1002/chem.202301383,FC1(F)CNC1,1.34,6.44,,93.077,Amine,,cyclobutane,gem-CF2,,1.0,1,0,0,0,0,4.0,FC1(F)CN(C1)C(=O)C1=CC=CC=C1,,0.6666666666666666,Secondary amine
91,10.1002/chem.202301383,C1NCCC1,1.19,11.21,,71.123,Amine,,cyclopentane,non-F,,0.0,0,0,0,0,0,5.0,O=C(N1CCCC1)C1=CC=CC=C1,,0,Secondary amine
92,10.1002/chem.202301383,FC1CNCC1,0.91,8.87,,89.113,Amine,,cyclopentane,CHF,,2.0,1,1,0,0,0,5.0,FC1CCN(C1)C(=O)C1=CC=CC=C1,,0.25,Secondary amine
93,10.1002/chem.202301383,FC1(F)CNCC1,1.35,6.88,,107.104,Amine,,cyclopentane,gem-CF2,,2.0,1,1,0,0,0,5.0,FC1(F)CCN(C1)C(=O)C1=CC=CC=C1,,0.5,Secondary amine
94,10.1002/chem.202301383,F[C@H]1CNC[C@H]1F,1.01,7.07,,107.104,Amine,,cyclopentane,CHF,cis,4.0,2,2,0,0,0,5.0,F[C@H]1CN(C[C@H]1F)C(=O)C1=CC=CC=C1,,0.5,Secondary amine
95,10.1002/chem.202301383,F[C@@H]1CNC[C@H]1F,1.08,7.11,,107.104,Amine,,cyclopentane,CHF,trans,4.0,2,2,0,0,0,5.0,F[C@@H]1CN(C[C@H]1F)C(=O)C1=CC=CC=C1,,0.5,Secondary amine
96,10.1002/chem.202301383,FC1CNCCC1,1.26,8.64,,103.14,Amine,,cyclohexane,CHF,,2.0,1,0,1,0,0,6.0,FC1CCCN(C1)C(=O)C1=CC=CC=C1,,0.2,Secondary amine
97,10.1002/chem.202301383,FC1(F)CNCCC1,1.65,6.79,,121.131,Amine,,cyclohexane,gem-CF2,,2.0,1,0,1,0,0,6.0,FC1(F)CCCN(C1)C(=O)C1=CC=CC=C1,,0.4,Secondary amine
98,10.1002/chem.202301383,F[C@@H]1CNC[C@H](F)C1,0.58,6.74,,121.131,Amine,,cyclohexane,CHF,cis,4.0,2,0,2,0,0,6.0,F[C@H]1C[C@@H](F)CN(C1)C(=O)C1=CC=CC=C1,,0.4,Secondary amine
99,10.1002/chem.202301383,F[C@@H]1CNC[C@@H](F)C1,1.35,6.22,,121.131,Amine,,cyclohexane,CHF,trans,4.0,2,0,2,0,0,6.0,F[C@H]1C[C@H](F)CN(C1)C(=O)C1=CC=CC=C1,,0.4,Secondary amine
100,10.1002/chem.202301383,FC1CCNCC1,1.31,9.05,,103.14,Amine,,cyclohexane,CHF,,2.0,0,2,0,0,0,6.0,FC1CCN(CC1)C(=O)C1=CC=CC=C1,,0.2,Secondary amine
101,10.1002/chem.202301383,F[C@H]1[C@@H](F)CNCC1,1.15,7.01,,121.131,Amine,,cyclohexane,CHF,cis,4.0,1,2,1,0,0,6.0,F[C@@H]1CCN(C[C@@H]1F)C(=O)C1=CC=CC=C1,,0.4,Secondary amine
102,10.1002/chem.202301383,F[C@H]1[C@H](F)CNCC1,1.26,7.02,,121.131,Amine,,cyclohexane,CHF,trans,4.0,1,2,1,0,0,6.0,F[C@@H]1CCN(C[C@H]1F)C(=O)C1=CC=CC=C1,,0.4,Secondary amine
103,10.24959/ophcj.23.274017,NC1(C(F)(F)F)CCC1,2.51,5.0,,139.121,Amine,,cyclobutane,CF3,,1.0,1,0,0,0,0,4.0,FC(F)(F)C1(CCC1)NC(=O)C1=CC=CC=C1,,0.6,Primary amine
104,10.24959/ophcj.23.274017,NC1(C(F)F)CCC1,2.48,6.62,,121.131,Amine,,cyclobutane,CHF2,,1.0,1,0,0,0,0,4.0,FC(F)C1(CCC1)NC(=O)C1=CC=CC=C1,,0.4,Primary amine
105,10.24959/ophcj.23.274017,NC1(CF)CCC1,2.03,8.1,,103.14,Amine,,cyclobutane,CH2F,,1.0,1,0,0,0,0,4.0,FCC1(CCC1)NC(=O)C1=CC=CC=C1,,0.2,Primary amine
106,10.24959/ophcj.23.274017,NC1CCC1,1.95,9.86,,71.123,Amine,,cyclobutane,non-F,,0.0,0,0,0,0,0,4.0,O=C(NC1CCC1)C1=CC=CC=C1,,0,Primary amine
107,10.1002/ejoc.202300292,N[C@@H]1C[C@@H](C(F)(F)F)C1,2.82,8.74,,139.121,Amine,,cyclobutane,CF3,trans,2.0,0,0,2,0,0,4.0,FC(F)(F)[C@H]1C[C@@H](C1)NC(=O)C1=CC=CC=C1,,0.6,Primary amine
108,10.1002/ejoc.202300292,N[C@@H]1C[C@H](C(F)(F)F)C1,2.62,8.6,,139.121,Amine,,cyclobutane,CF3,cis,2.0,0,0,2,0,0,4.0,FC(F)(F)[C@@H]1C[C@@H](C1)NC(=O)C1=CC=CC=C1,,0.6,Primary amine
109,10.1002/ejoc.202300292,N[C@@H]1C[C@@H](C(F)(F)[H])C1,1.97,9.17,,121.131,Amine,,cyclobutane,CHF2,trans,2.0,0,0,2,0,0,4.0,[H]C(F)(F)[C@H]1C[C@@H](C1)NC(=O)C1=CC=CC=C1,,0.4,Primary amine
110,10.1002/ejoc.202300292,N[C@@H]1C[C@H](C(F)(F)[H])C1,1.98,9.04,,121.131,Amine,,cyclobutane,CHF2,cis,2.0,0,0,2,0,0,4.0,[H]C(F)(F)[C@@H]1C[C@@H](C1)NC(=O)C1=CC=CC=C1,,0.4,Primary amine
111,10.1002/ejoc.202300292,N[C@@H]1C[C@@H](C(F)([H])[H])C1,1.78,9.58,,103.14,Amine,,cyclobutane,CH2F,trans,2.0,0,0,2,0,0,4.0,[H]C([H])(F)[C@H]1C[C@@H](C1)NC(=O)C1=CC=CC=C1,,0.2,Primary amine
112,10.1002/ejoc.202300292,N[C@@H]1C[C@H](C(F)([H])[H])C1,1.77,9.48,,103.14,Amine,,cyclobutane,CH2F,cis,2.0,0,0,2,0,0,4.0,[H]C([H])(F)[C@@H]1C[C@@H](C1)NC(=O)C1=CC=CC=C1,,0.2,Primary amine
113,10.1002/chem.202201601,FC(F)(F)C1NCCCC1,2.54,6.41,,153.148,Amine,,cyclohexane,CF3,,2.0,1,0,0,0,1,6.0,FC(F)(F)C1CCCCN1C(=O)C1=CC=CC=C1,,0.5,Secondary amine
114,10.1002/chem.202201601,FC([H])(F)C1NCCCC1,2.04,7.99,,135.158,Amine,,cyclohexane,CHF2,,2.0,1,0,0,0,1,6.0,[H]C(F)(F)C1CCCCN1C(=O)C1=CC=CC=C1,,0.3333333333333333,Secondary amine
115,10.1002/chem.202201601,[H]C([H])(F)C1NCCCC1,2.0,9.52,,117.167,Amine,,cyclohexane,CH2F,,2.0,1,0,0,0,1,6.0,[H]C([H])(F)C1CCCCN1C(=O)C1=CC=CC=C1,,0.16666666666666666,Secondary amine
116,10.1002/chem.202201601,C1CNCCC1,1.39,11.12,,85.15,Amine,,cyclohexane,non-F,,0.0,0,0,0,0,0,6.0,O=C(N1CCCCC1)C1=CC=CC=C1,,0,Secondary amine
117,10.1002/chem.202201601,FC(F)(F)C1NCCC1,2.12,6.06,,139.121,Amine,,cyclopentane,CF3,,2.0,1,0,0,1,0,5.0,FC(F)(F)C1CCCN1C(=O)C1=CC=CC=C1,,0.6,Secondary amine
118,10.1002/chem.202201601,FC([H])(F)C1NCCC1,1.88,7.78,,121.131,Amine,,cyclopentane,CHF2,,2.0,1,0,0,1,0,5.0,[H]C(F)(F)C1CCCN1C(=O)C1=CC=CC=C1,,0.4,Secondary amine
119,10.1002/chem.202201601,[H]C([H])(F)C1NCCC1,1.75,9.55,,103.14,Amine,,cyclopentane,CH2F,,2.0,1,0,0,1,0,5.0,[H]C([H])(F)C1CCCN1C(=O)C1=CC=CC=C1,,0.2,Secondary amine
120,10.1002/chem.202201601,C1CNCC1,1.19,11.31,,71.123,Amine,,cyclopentane,non-F,,0.0,0,0,0,0,0,5.0,O=C(N1CCCC1)C1=CC=CC=C1,,0,Secondary amine
121,10.1002/chem.202201601,FC(F)(F)C1NCC1,1.75,5.84,,125.094,Amine,,cyclobutane,CF3,,2.0,1,0,1,0,0,4.0,FC(F)(F)C1CCN1C(=O)C1=CC=CC=C1,,0.75,Secondary amine
122,10.1002/chem.202201601,FC([H])(F)C1NCC1,1.51,7.83,,107.104,Amine,,cyclobutane,CHF2,,2.0,1,0,1,0,0,4.0,[H]C(F)(F)C1CCN1C(=O)C1=CC=CC=C1,,0.5,Secondary amine
123,10.1002/chem.202201601,[H]C([H])(F)C1NCC1,1.4,9.67,,89.113,Amine,,cyclobutane,CH2F,,2.0,1,0,1,0,0,4.0,[H]C([H])(F)C1CCN1C(=O)C1=CC=CC=C1,,0.25,Secondary amine
124,10.1002/chem.202201601,C1NCC1,1.13,11.29,,57.096,Amine,,cyclobutane,non-F,,0.0,0,0,0,0,0,4.0,O=C(N1CCC1)C1=CC=CC=C1,,0,Secondary amine
125,10.1002/chem.202201601,NCC(F)(F)F,1.76,5.56,,99.056,Amine,,methane,CF3,,1.0,1,0,0,0,0,0.0,FC(F)(F)CNC(=O)C1=CC=CC=C1,,1.5,Primary amine
126,10.1002/chem.202201601,NCC([H])(F)F,1.37,7.2,,81.066,Amine,,methane,CHF2,,1.0,1,0,0,0,0,0.0,[H]C(F)(F)CNC(=O)C1=CC=CC=C1,,1,Primary amine
127,10.1002/chem.202201601,NCC([H])(F)[H],1.07,8.96,,63.075,Amine,,methane,CH2F,,1.0,1,0,0,0,0,0.0,[H]C([H])(F)CNC(=O)C1=CC=CC=C1,,0.5,Primary amine
128,10.1002/chem.202201601,NC,1.03,10.78,,31.058,Amine,,methane,non-F,,0.0,0,0,0,0,0,0.0,CNC(=O)C1=CC=CC=C1,,0,Primary amine
129,10.1002/chem.202201601,FC(F)(F)C1CNCCC1,2.21,9.01,,153.148,Amine,,cyclohexane,CF3,,2.0,0,1,0,1,0,6.0,FC(F)(F)C1CCCN(C1)C(=O)C1=CC=CC=C1,,0.5,Secondary amine
130,10.1002/chem.202201601,FC([H])(F)C1CNCCC1,1.73,9.55,,135.158,Amine,,cyclohexane,CHF2,,2.0,0,1,0,1,0,6.0,[H]C(F)(F)C1CCCN(C1)C(=O)C1=CC=CC=C1,,0.3333333333333333,Secondary amine
131,10.1002/chem.202201601,FC([H])([H])C1CNCCC1,1.52,10.32,,117.167,Amine,,cyclohexane,CH2F,,2.0,0,1,0,1,0,6.0,[H]C([H])(F)C1CCCN(C1)C(=O)C1=CC=CC=C1,,0.16666666666666666,Secondary amine
132,10.1002/chem.202201601,FC(F)(F)C1CNCC1,1.7,8.97,,139.121,Amine,,cyclopentane,CF3,,2.0,0,1,1,0,0,5.0,FC(F)(F)C1CCN(C1)C(=O)C1=CC=CC=C1,,0.6,Secondary amine
133,10.1002/chem.202201601,FC([H])(F)C1CNCC1,1.4,9.75,,121.131,Amine,,cyclopentane,CHF2,,2.0,0,1,1,0,0,5.0,[H]C(F)(F)C1CCN(C1)C(=O)C1=CC=CC=C1,,0.4,Secondary amine
134,10.1002/chem.202201601,FC([H])([H])C1CNCC1,1.4,10.38,,103.14,Amine,,cyclopentane,CH2F,,2.0,0,1,1,0,0,5.0,[H]C([H])(F)C1CCN(C1)C(=O)C1=CC=CC=C1,,0.2,Secondary amine
135,10.1002/chem.202201601,FC(F)(F)C1CNC1,1.66,8.67,,125.094,Amine,,cyclobutane,CF3,,2.0,0,2,0,0,0,4.0,FC(F)(F)C1CN(C1)C(=O)C1=CC=CC=C1,,0.75,Secondary amine
136,10.1002/chem.202201601,FC([H])(F)C1CNC1,1.4,9.57,,107.104,Amine,,cyclobutane,CHF2,,2.0,0,2,0,0,0,4.0,[H]C(F)(F)C1CN(C1)C(=O)C1=CC=CC=C1,,0.5,Secondary amine
137,10.1002/chem.202201601,FC([H])([H])C1CNC1,0.93,10.05,,89.113,Amine,,cyclobutane,CH2F,,2.0,0,2,0,0,0,4.0,[H]C([H])(F)C1CN(C1)C(=O)C1=CC=CC=C1,,0.25,Secondary amine
138,10.1002/chem.202201601,NCCC(F)(F)F,1.93,8.88,,113.083,Amine,,methane,CF3,,1.0,0,1,0,0,0,0.0,FC(F)(F)CCNC(=O)C1=CC=CC=C1,,1,Primary amine
139,10.1002/chem.202201601,NCCC(F)(F)[H],1.49,9.02,,95.093,Amine,,methane,CHF2,,1.0,0,1,0,0,0,0.0,[H]C(F)(F)CCNC(=O)C1=CC=CC=C1,,0.6666666666666666,Primary amine
140,10.1002/chem.202201601,NCCC(F)([H])[H],1.28,10.05,,77.102,Amine,,methane,CH2F,,1.0,0,1,0,0,0,0.0,[H]C([H])(F)CCNC(=O)C1=CC=CC=C1,,0.3333333333333333,Primary amine
141,10.1002/chem.202201601,NCC,1.31,10.75,,45.085,Amine,,methane,non-F,,0.0,0,0,0,0,0,0.0,CCNC(=O)C1=CC=CC=C1,,0,Primary amine
142,10.1002/chem.202201601,FC(F)(F)C1CCNCC1,2.2,9.6,,153.148,Amine,,cyclohexane,CF3,,2.0,0,0,2,0,0,6.0,FC(F)(F)C1CCN(CC1)C(=O)C1=CC=CC=C1,,0.5,Secondary amine
143,10.1002/chem.202201601,[H]C(F)(F)C1CCNCC1,1.67,10.19,,135.158,Amine,,cyclohexane,CHF2,,2.0,0,0,2,0,0,6.0,[H]C(F)(F)C1CCN(CC1)C(=O)C1=CC=CC=C1,,0.3333333333333333,Secondary amine
144,10.1002/chem.202201601,[H]C(F)([H])C1CCNCC1,1.45,10.46,,117.167,Amine,,cyclohexane,CH2F,,2.0,0,0,2,0,0,6.0,[H]C([H])(F)C1CCN(CC1)C(=O)C1=CC=CC=C1,,0.16666666666666666,Secondary amine
145,10.1002/chem.202201601,NCCCC(F)([H])[H],1.56,10.36,,91.129,Amine,,methane,CH2F,,1.0,0,0,1,0,0,0.0,[H]C([H])(F)CCCNC(=O)C1=CC=CC=C1,,0.25,Primary amine
146,10.1002/chem.202201601,NCCCC(F)(F)[H],1.76,10.04,,109.12,Amine,,methane,CHF2,,1.0,0,0,1,0,0,0.0,[H]C(F)(F)CCCNC(=O)C1=CC=CC=C1,,0.5,Primary amine
147,10.1002/chem.202201601,NCCCC(F)(F)F,2.28,9.74,,127.11,Amine,,methane,CF3,,1.0,0,0,1,0,0,0.0,FC(F)(F)CCCNC(=O)C1=CC=CC=C1,,0.75,Primary amine
148,10.1002/chem.202201601,NCCC,1.72,10.03,,59.112,Amine,,methane,non-F,,0.0,0,0,0,0,0,0.0,CCCNC(=O)C1=CC=CC=C1,,0,Primary amine
149,10.1002/chem.202200331,NC1CC1(F)F,1.51,,,93.077,Amine,,cyclopropane,gem-CF2,,2.0,1,1,0,0,0,3.0,FC1(F)CC1NC(=O)C1=CC=CC=C1,,0.6666666666666666,Primary amine
150,10.1002/chem.202200331,FC1(F)CCC1N,1.7,7.2,,107.104,Amine,,cyclobutane,gem-CF2,,2.0,1,0,1,0,0,4.0,FC1(F)CCC1NC(=O)C1=CC=CC=C1,,0.5,Primary amine
151,10.1002/chem.202200331,FC1(F)CC(N)C1,1.94,8.37,,107.104,Amine,,cyclobutane,gem-CF2,,1.0,0,1,0,0,0,4.0,FC1(F)CC(C1)NC(=O)C1=CC=CC=C1,,0.5,Primary amine
152,10.1002/chem.202200331,FC1(F)C(N)CCC1,1.87,7.54,,121.131,Amine,,cyclopentane,gem-CF2,,2.0,1,0,0,1,0,5.0,FC1(F)CCCC1NC(=O)C1=CC=CC=C1,,0.4,Primary amine
153,10.1002/chem.202200331,FC1(F)CC(N)CC1,2.02,8.83,,121.131,Amine,,cyclopentane,gem-CF2,,2.0,0,1,1,0,0,5.0,FC1(F)CCC(C1)NC(=O)C1=CC=CC=C1,,0.4,Primary amine
154,10.1002/chem.202200331,FC1(F)C(N)CCCC1,2.16,7.45,,135.158,Amine,,cyclohexane,gem-CF2,,2.0,1,0,0,0,1,6.0,FC1(F)CCCCC1NC(=O)C1=CC=CC=C1,,0.3333333333333333,Primary amine
155,10.1002/chem.202200331,FC1(F)CC(N)CCC1,2.31,9.12,,135.158,Amine,,cyclohexane,gem-CF2,,2.0,0,1,0,1,0,6.0,FC1(F)CCCC(C1)NC(=O)C1=CC=CC=C1,,0.3333333333333333,Primary amine
156,10.1002/chem.202200331,FC1(F)CCC(N)CC1,2.32,9.45,,135.158,Amine,,cyclohexane,gem-CF2,,2.0,0,0,2,0,0,6.0,FC1(F)CCC(CC1)NC(=O)C1=CC=CC=C1,,0.3333333333333333,Primary amine
157,10.1002/chem.202200331,FC1(F)C(N)CCCCC1,2.56,8.13,,149.185,Amine,,cycloheptane,gem-CF2,,1.0,1,0,0,0,0,7.0,FC1(F)CCCCCC1NC(=O)C1=CC=CC=C1,,0.2857142857142857,Primary amine
158,10.1002/chem.202200331,FC1(F)CC(N)CCCC1,2.57,9.35,,149.185,Amine,,cycloheptane,gem-CF2,,2.0,0,1,0,0,1,7.0,FC1(F)CCCCC(C1)NC(=O)C1=CC=CC=C1,,0.2857142857142857,Primary amine
159,10.1002/chem.202200331,FC1(F)CCC(N)CCC1,2.5,9.57,,149.185,Amine,,cycloheptane,gem-CF2,,2.0,0,0,1,1,0,7.0,FC1(F)CCCC(CC1)NC(=O)C1=CC=CC=C1,,0.2857142857142857,Primary amine
160,10.1002/chem.202200331,CCC(F)(F)CN,2.04,7.59,,109.12,Amine,,methane,gem-CF2,,1.0,1,0,0,0,0,0.0,CCC(F)(F)CNC(=O)C1=CC=CC=C1,,0.5,Primary amine
161,10.1002/chem.202200331,CC(F)(F)CCN,1.81,9.57,,109.12,Amine,,methane,gem-CF2,,1.0,0,1,0,0,0,0.0,CC(F)(F)CCNC(=O)C1=CC=CC=C1,,0.5,Primary amine
162,10.1002/chem.202200331,NCCCC(F)F,1.76,10.01,,109.12,Amine,,methane,CHF2,,1.0,0,0,1,0,0,0.0,FC(F)CCCNC(=O)C1=CC=CC=C1,,0.5,Primary amine
163,10.1002/chem.202200331,NC1CC1,1.29,8.76,,57.096,Amine,,cyclopropane,non-F,,0.0,0,0,0,0,0,3.0,O=C(NC1CC1)C1=CC=CC=C1,,0,Primary amine
164,10.1002/chem.202200331,NC1CCCC1,2.23,10.52,,85.15,Amine,,cyclopentane,non-F,,0.0,0,0,0,0,0,5.0,O=C(NC1CCCC1)C1=CC=CC=C1,,0,Primary amine
165,10.1002/chem.202200331,NC1CCCCCC1,3.03,10.69,,113.204,Amine,,cycloheptane,non-F,,0.0,0,0,0,0,0,7.0,O=C(NC1CCCCCC1)C1=CC=CC=C1,,0,Primary amine
166,10.1002/chem.202200331,CCCCN,2.23,10.5,,73.139,Amine,,methane,non-F,,0.0,0,0,0,0,0,0.0,CCCCNC(=O)C1=CC=CC=C1,,0,Primary amine
167,10.1002/ejoc.202100804,NC(C1)CC21CCC2,3.26,10.21,,111.188,Amine,,spiro[3.3]heptane,non-F,,0.0,0,0,0,0,0,7.0,O=C(NC1CC2(CCC2)C1)C1=CC=CC=C1,,0,Primary amine
168,10.1002/ejoc.202100804,NC(C1)CC21CC(F)C2,2.39,9.81,,129.178,Amine,,spiro[3.3]heptane,CHF,,2.0,0,0,0,2,0,7.0,FC1CC2(C1)CC(C2)NC(=O)C1=CC=CC=C1,,0.14285714285714285,Primary amine
169,10.1002/ejoc.202100804,NC(C1)CC21CC(F)(F)C2,2.53,9.58,,147.169,Amine,,spiro[3.3]heptane,gem-CF2,,2.0,0,0,0,2,0,7.0,FC1(F)CC2(CC(C2)NC(=O)C2=CC=CC=C2)C1,,0.2857142857142857,Primary amine
170,10.1002/ejoc.202001345,N[C@@H]1CC[C@H]1C(F)(F)F,2.54,7.95,,139.121,Amine,,cyclobutane,CF3,trans,2.0,0,1,0,1,0,4.0,FC(F)(F)[C@@H]1CC[C@H]1NC(=O)C1=CC=CC=C1,,0.6,Primary amine
171,10.1002/ejoc.202001345,N[C@@H]1CC[C@H]1C(F)([H])F,1.94,8.98,,121.131,Amine,,cyclobutane,CHF2,trans,2.0,0,1,0,1,0,4.0,[H]C(F)(F)[C@@H]1CC[C@H]1NC(=O)C1=CC=CC=C1,,0.4,Primary amine
172,10.1002/ejoc.202001345,N[C@@H]1CC[C@H]1C([H])([H])F,1.85,9.32,,103.14,Amine,,cyclobutane,CH2F,trans,2.0,0,1,0,1,0,4.0,[H]C([H])(F)[C@@H]1CC[C@H]1NC(=O)C1=CC=CC=C1,,0.2,Primary amine
173,10.1021/acs.joc.0c01848,N[C@H]1[C@H](C(F)(F)F)C1,1.79,7.18,,125.094,Amine,,cyclopropane,CF3,trans,2.0,0,1,1,0,0,3.0,FC(F)(F)[C@@H]1C[C@H]1NC(=O)C1=CC=CC=C1,,0.75,Primary amine
174,10.1021/acs.joc.0c01848,N[C@@H]1[C@H](C(F)(F)F)C1,2.16,6.92,,125.094,Amine,,cyclopropane,CF3,cis,2.0,0,1,1,0,0,3.0,FC(F)(F)[C@@H]1C[C@@H]1NC(=O)C1=CC=CC=C1,,0.75,Primary amine
175,10.1021/acs.joc.0c01848,N[C@H]1[C@H](C(F)([H])F)C1,1.64,7.76,,107.104,Amine,,cyclopropane,CHF2,trans,2.0,0,1,1,0,0,3.0,[H]C(F)(F)[C@@H]1C[C@H]1NC(=O)C1=CC=CC=C1,,0.5,Primary amine
176,10.1021/acs.joc.0c01848,N[C@@H]1[C@H](C(F)([H])F)C1,1.36,7.16,,107.104,Amine,,cyclopropane,CHF2,cis,2.0,0,1,1,0,0,3.0,[H]C(F)(F)[C@@H]1C[C@@H]1NC(=O)C1=CC=CC=C1,,0.5,Primary amine
177,10.1021/acs.joc.0c01848,C[C@@H]1C[C@H]1N,1.83,9.44,,71.123,Amine,,cyclopropane,non-F,trans,0.0,0,0,0,0,0,3.0,C[C@@H]1C[C@H]1NC(=O)C1=CC=CC=C1,,0,Primary amine
178,10.1021/acs.joc.0c01848,C[C@@H]1C[C@@H]1N,1.64,9.15,,71.123,Amine,,cyclopropane,non-F,cis,0.0,0,0,0,0,0,3.0,C[C@@H]1C[C@@H]1NC(=O)C1=CC=CC=C1,,0,Primary amine
179,10.1021/acs.joc.0c01848,FC([H])([C@@H]1C[C@H]1N)[H],1.41,,,89.113,Amine,,cyclopropane,CH2F,trans,2.0,0,1,1,0,0,3.0,[H]C([H])(F)[C@@H]1C[C@H]1NC(=O)C1=CC=CC=C1,,0.25,Primary amine
180,10.1021/acs.joc.0c01848,FC([H])([C@H]1C[C@H]1N)[H],1.12,,,89.113,Amine,,cyclopropane,CH2F,cis,2.0,0,1,1,0,0,3.0,[H]C([H])(F)[C@H]1C[C@H]1NC(=O)C1=CC=CC=C1,,0.25,Primary amine
181,10.1002/ejoc.202200863,NC1C2(CC2)C1,2.08,9.41,,83.134,Amine,,spiro[2.2]pentane,non-F,,0.0,0,0,0,0,0,5.0,O=C(NC1CC11CC1)C1=CC=CC=C1,,0,Primary amine
182,10.1002/ejoc.202200863,NC1C2(CC2)C1(F)F,2.14,,,119.115,Amine,,spiro[2.2]pentane,gem-CF2,,2.0,1,1,0,0,0,5.0,FC1(F)C(NC(=O)C2=CC=CC=C2)C11CC1,,0.4,Primary amine
183,10.1002/ejoc.202200863,NC1C2(C(F)(F)C2)C1,2.04,7.44,,119.115,Amine,,spiro[2.2]pentane,gem-CF2,,2.0,0,1,1,0,0,5.0,FC1(F)CC11CC1NC(=O)C1=CC=CC=C1,,0.4,Primary amine
